train,test
0.016604212882039268,0.07174051628003221
